Título,Assuntos,Pesquisador Responsável,Empresa,Grande Área do Conhecimento,Área do Conhecimento,Subárea do Conhecimento
Tratamento experimental usando fármacos combinados para a eliminação de Leishmania infantum em modelo pré-clínico para Leishmaniose Visceral Canina,Leishmania infantum:Leishmaniose visceral animal:Terapia combinada:Tratamento:Parasitologia,Leticia de Almeida,L A PHARMATEC PESQUISA E DESENVOLVIMENTO LTDA,Ciências Biológicas,Parasitologia,Protozoologia de Parasitos
"Validação Multicêntrica e Automação do Protótipo NEOPROFILER-MB, um exame molecular para classificação de Meduloblastoma baseado na tecnologia do RT-qPCR e Inteligência Artificial",Técnicas de diagnóstico molecular:Inteligência artificial:Meduloblastoma:Oncologia pediátrica:Reação em cadeia da polimerase via transcriptase reversa quantitativa (qRT-PCR):Oncologia molecular,Ricardo Bonfim Silva,Neogenys Diagnóstico Molecular Ltda,Ciências da Saúde,Medicina,Saúde Materno-infantil
Validação operacional e comercial do serviço de exame LivingOut-PDO,Tratamento do câncer:Assistência individualizada de saúde:Oncologia:Organoides,Robson Luis Ferraz do Amaral,Living Out Laboratório de Testes Celulares In Vitro Ltda,Ciências da Saúde,Farmácia,Análise Toxicológica
Desenvolvimento e validação clínica de biossensor eletroquímico para detecção de biomarcadores tumorais via biópsia líquida: do diagnóstico precoce ao monitoramento in situ,Biomarcadores:Biomarcadores tumorais:Diagnóstico precoce:Biópsia líquida:Técnicas biossensoriais:Avaliação de testes diagnósticos,Daniela Silvestrini Fernandes,Diasci Diagnóstico Científico e Soluções Tecnológicas Avançadas Ltda,Interdisciplinar,Não Informado,Não Informado
Formulação de uso tópico contendo exossomos derivados de células mesenquimais para o tratamento da dermatite atópica canina,Medicina veterinária:Terapia baseada em transplante de células e tecidos:Células-tronco mesenquimais:Exossomos:Dermatite em animal:Cães,Carolina Caliári Oliveira,In Situ Terapia Celular Ltda,Ciências da Saúde,Medicina,Não Informado
Rede de proteção patrimonial inteligente através de câmeras de segurança e inteligência autônoma para Smart Cities,Visão computacional:Aprendizagem profunda:Cidades inteligentes:Análise do comportamento:Segurança eletrônica:Monitoramento remoto:Comportamento de risco:Bens patrimoniais,Rafael Mira de Oliveira Libardi,Noleak Tecnologia da Informação Ltda,Ciências Exatas e da Terra,Ciência da Computação,Sistemas de Computação
Desenvolvimento de células de baterias de íons-lítio contendo eletrodo anódico de óxido lamelar de vanádio modificado com nióbio (vno) e eletrodo catódico de fosfato de ferro litiado (lfp) de com fácil reciclagem,Baterias:Eletrodos:Lítio:Nióbio:Vanádio:Eletroquímica:Eletrodo,Décio Batista de Freitas Neto,Teiu Pesquisa e Desenvolvimento em Energia Ltda,Ciências Exatas e da Terra,Química,Físico-química
Estabelecimento de uma plataforma de high-throughput CRISPR screening para estudos de genômica funcional e geração de novas imunoterapias contra tumores colorretais,Neoplasias colorretais:Engenharia genética:Genômica funcional:Imunoterapia:Macrófagos,Nerry Tatiana Cecilio,EDITBIO BIOTECNOLOGIA LTDA,Ciências Biológicas,Imunologia,Imunologia Celular
Produção de interferon ômega felino em Escherichia coli,Solubilização:Medicina veterinária,Luciana Baroni,XAVIER & LOUREIRO BIOTEC LTDA,Ciências Biológicas,Microbiologia,Microbiologia Aplicada
Agricultura sustentável: bactérias imobilizadas em Biochar e seus efeitos no solo e crescimento de plantas,Fitotecnia:Agricultura sustentável:Reguladores de crescimento de plantas:Sequestro de carbono:Biocarvão:Nematicidas:Produção sustentável:Produção de alimentos,Thaís Carvalho Maester Casanova,Eco Biotech Tecnologia em Manutenção Ltda. - ME,Ciências Biológicas,Microbiologia,Microbiologia Aplicada
Produção de mudas sadias da batata yacon e desenvolvimento da cadeia produtiva na região de Ribeirão Preto - SP.,Micropropagação vegetal:Produção vegetal:Propagação vegetal:Yacon,Rita Maria Borges de Moraes,Santa Martha Jardins Ltda. - ME,Ciências Agrárias,Agronomia,Fitotecnia
Desenvolvimento e validação técnica de processo de confecção de órteses personalizadas por processos avançados,Aparelhos ortopédicos:Impressão tridimensional:Corte a laser:Parametrização:Estudos de validação,Daniela Nakandakari Goia,Clínica Ativa Ação Reabilitação Ltda. - ME,Ciências da Saúde,Fisioterapia e Terapia Ocupacional,Não Informado
Bioinsumo composto por bactérias e nanosílica para redução de estresse térmico em culturas de arroz e feijão,Agricultura sustentável:Fixação biológica de nitrogênio:Inoculantes:Nanopartículas:Nanotecnologia:Sílica:Microbiologia agrícola,Amanda Carolina Prado de Moraes,Monera Agrocencia Inova Simples (I.S),Ciências Agrárias,Agronomia,Não Informado
Aprimoramento do algoritmo e ferramenta digital para estimativa de safra em lavouras de café arábica e sua implementação em uma plataforma digital,Agricultura:Cafeicultura:Lavoura:Safra:Café:Coffea arabica:Técnicas de estimativa:Plataforma (computação),Guilherme Jorge Gomes de Sousa,Agrobee Soluções em Polinização e Sustentabilidade Ltda,Ciências Agrárias,Agronomia,Fitotecnia
Validação tecnológica da plataforma de testes moleculares mir-THYpe®: um conjunto de soluções baseadas em microRNA profiling e análise de mutações para nódulos tireoidianos,Citopatologia:Técnicas de diagnóstico molecular:MicroRNAs:Prognóstico:Glândula tireoide:Nódulo da glândula tireoide,Bruna Moretto Rodrigues,Onkos Diagnósticos Moleculares Ltda (Filial),Ciências da Saúde,Medicina,Anatomia Patológica e Patologia Clínica
Marie.IA: plataforma para rastreamento de neoplasias ovarianas,Neoplasias ovarianas:Biomarcadores:Testes hematológicos:Contagem de células sanguíneas:Inteligência artificial:Plataforma (computação),Paula Cristina dos Santos,Paula C dos Santos Suporte Técnico e Desenvolvimento de Sistemas Ltda,Interdisciplinar,Não Informado,Não Informado
Desenvolvimento de um método de propagação e secagem de leveduras para a indústria cervejeira,Microbiologia:Liofilização:Propagação:Secagem:Leveduras:Cerveja,Paula Fagundes de Gouvêa Bizzi,SC Condi Assessoria Industrial,Ciências Biológicas,Bioquímica,Bioquímica de Microorganismos
Ativos nanoestruturados para a proteção da pele da luz azul,Nanotecnologia:Envelhecimento da pele:Fotoproteção:Melanose:Urticária:Pele:Cosméticos,Daniel Roberto Callejon,Yosen Indústria e Comércio de Produtos para Saúde Ltda,Ciências da Saúde,Farmácia,Farmacotecnia
Validação tecnológica de plataforma para liberação intradérmica de fármacos,Sistemas de liberação de medicamentos:Injeções intradérmicas:Estudo de prova de conceito:Animais domésticos:Dor,Maíra Peres Ferreira Duarte,Souza P&D Farmacêutico Ltda,Ciências da Saúde,Farmácia,Farmacotecnia
Sistema de inferência de produtividade e risco de pragas em agricultura mediante análise de microbiota,Agricultura de precisão:Agronegócio:Biologia computacional:Metagenômica:Microbiota:Pragas de plantas,Rafael Silva Rocha,Bymycell Inova Simples Ltda,Ciências Biológicas,Microbiologia,Microbiologia Aplicada
"Desenvolvimento de tecnologias rápidas e eficientes para diagnóstico de biomarcadores críticos relacionados à processos bioquímicos, nutrição e meio ambiennutrição",Estilo de vida saudável:Meio ambiente:Nutrição:Metabolômica:Biomarcadores:Prevenção de doenças:Diagnóstico,Mariana Zuccherato Bocato Kimachi,Reload Health Devices Ltda,Ciências da Saúde,Saúde Coletiva,Medicina Preventiva
"Validação tecnológica de um bioinseticida fúngico para controle biológico do Cascudinho das granjas, Alphitobius diaperinus (Coleoptera: Tenebrionidae)",Avicultura:Controle biológico:Fungos filamentosos:Inseticidas biológicos:Gallus gallus domesticus:Aviários,Larissa Galante Elias,Decoy Tecnologia em Controle de Pragas S/A,Ciências Biológicas,Ecologia,Ecologia Aplicada
"Desenvolvimento de sistema para classificação de grãos de café por cor, morfologia e características químicas",Propriedades químicas:Imagem digital:Indústria do café:Qualidade do café:Grãos:Café:Cor,Carlos Fernando Baltieri,"Baltiere Indústria, Comércio, Exportação e Importação Ltda",Ciências Agrárias,Engenharia Agrícola,Engenharia de Processamento de Produtos Agrícolas
Nanofertilizantes como estratégia para redução do estresse hídrico,Agricultura:Nanotecnologia:Fertilizantes:Espécies de oxigênio reativas,Marcelo Domingos,PBF Nutrientes Ltda,Ciências Exatas e da Terra,Química,Não Informado
Desenvolvimento de uma estratégia vacinal carreando proteína viral contra o SARS-CoV-2,Vacinas:Vacinação:Pandemias:COVID-19:SARS-CoV-2:Salmonella enterica,Marcel Montels Trevisani,Invent Biotecnologia Ltda. - ME,Ciências Biológicas,Imunologia,Imunologia Aplicada
Desenvolvimento de um eletrodo anódico de óxido lamelar de vanádio modificado com nióbio com excelente desempenho em baterias de íons de lítio e fácil reciclagem,Eletroquímica:Eletrodos:Baterias de íon-lítio:Nanotubos de carbono:Nióbio:Reciclagem:Vanádio,Décio Batista de Freitas Neto,Teiu Pesquisa e Desenvolvimento em Energia Ltda,Ciências Exatas e da Terra,Química,Físico-química
Desenvolvimento de dispositivo para detecção de câncer cerebral,Neoplasias cerebrais:Biomarcadores tumorais:Técnicas biossensoriais:Diagnóstico:Dispositivos:Monitoramento,Cristiano Ceron Jayme,Diasci Diagnóstico Científico e Soluções Tecnológicas Avançadas Ltda,Interdisciplinar,Não Informado,Não Informado
Desenvolvimento de produtos fitoterápicos a base de curcuminoides como anti-inflamatórios para aplicações na área veterinária,Medicina veterinária:Medicamentos fitoterápicos:Anti-inflamatórios:Diarileptanoides,Ana Carolina Rodrigues Montes,Sthenos Inovações em Saúde Ltda,Engenharias,Engenharia Química,Tecnologia Química
Plataforma digital para previsão de safra e análise da maturação dos frutos em lavouras de café arábica,Cafeicultura:Safra:Maturação dos frutos:Café:Coffea arabica:Agronegócio:Plataformas digitais,Diego Moure Oliveira,Agrobee Soluções em Polinização e Sustentabilidade Ltda,Ciências Agrárias,Agronomia,Fitotecnia
Desenvolvimento comercial da plataforma de cultivo de organóides da Living Out,Oncologia:Neoplasias:Ensaios funcionais:Cultura de células:Organoides,Renato Mantelli Picoli,Living Out Laboratório de Testes Celulares In Vitro Ltda,Ciências da Saúde,Farmácia,Análise Toxicológica
Avaliação da aplicação de produto orgânico antisséptico em processo de bioetanol,Bioetanol:Setor sucroenergético:Desinfecção:Anti-infecciosos:Anti-infecciosos locais,Mário César Souza e Silva,Mario Cesar Souza e Silva,Engenharias,Engenharia Química,Tecnologia Química
Desenvolvimento e avaliação de glicoconjugados com aplicações em oncologia humana e veterinária,Química médica:Biotecnologia:Neoplasias:Glicoconjugados:Síntese:Mucinas:Atenção à saúde:Saúde pública veterinária:Antineoplásicos,Vanessa Leiria Campo,V L Campo,Ciências da Saúde,Farmácia,Não Informado
Desenvolvimento de microagulhas poliméricas para tratamento tópico do melasma,Tratamento:Fatores de risco:Pigmentação da pele:Transtornos da pigmentação:Hiperpigmentação:Melanose:Pele,Carla Souza,Souza P&D Farmacêutico Ltda,Ciências da Saúde,Farmácia,Farmacotecnia
Desenvolvimento e validação de processo de multiplicação de colmeias de abelhas Apis mellifera para uso comercial,Apicultura:Polinização:Colmeias:Apis mellifera:Mel,Joyce Mayra Volpini Almeida Dias,Agrobee Soluções em Polinização e Sustentabilidade Ltda,Ciências Agrárias,Zootecnia,Produção Animal
Formulação de uso tópico contendo exossomos derivados de células mesenquimais para o tratamento de feridas,Medicina regenerativa:Células-tronco mesenquimais:Exossomos:Terapia baseada em transplante de células e tecidos:Vesículas extracelulares:Exantema,Adriana Oliveira Manfiolli,In Situ Terapia Celular Ltda,Ciências da Saúde,Medicina,Não Informado
Aplicação de coenzima Q10 nanoencapsulada como ingrediente pela indústria de alimentos: viabilidade tecnológica e bioacessibilidade do bioativo em iogurtes,Indústria de alimentos:Compostos bioativos:Bioacessibilidade:Ubiquinona:Encapsulação :Iogurte,Thais Carvalho Brito Oliveira,Yosen Indústria e Comércio de Produtos para Saúde Ltda,Ciências Agrárias,Ciência e Tecnologia de Alimentos,Tecnologia de Alimentos
Atualização e otimização do teste molecular TOT (teste de origem tumoral) para tumores metastáticos de origem primária desconhecida por meio de abordagens multi-ômicas,Oncologia:Neoplasias:Técnicas de diagnóstico molecular:Sequenciamento de nova geração:Mutação:Prognóstico:RNA,Miriane de Oliveira,Onkos Diagnósticos Moleculares Ltda (Filial),Ciências da Saúde,Medicina,Anatomia Patológica e Patologia Clínica
Síntese de nitrosaminas derivadas de IFAs ou produtos de degradação para aplicação como padrões analíticos pela indústria farmacêutica,Indústria farmacêutica:Nitrosaminas:Carbamatos:Amidas,Shaiani Maria Gil de Melo,Bind Pesquisa e Desenvolvimento Ltda,Ciências da Saúde,Farmácia,Análise e Controle de Medicamentos
Validação in vivo do bioenxerto gengival bioimpresso à base de células mesenquimais em scaffold de ácido hialurônico,Ácido hialurônico:Bioimpressão tridimensional:Retração gengival:Regeneração tecidual:Terapia baseada em transplante de células e tecidos:Vesículas extracelulares,Juliana Magro Ribeiro,In Situ Terapia Celular Ltda,Ciências da Saúde,Odontologia,Periodontia
STMED - Simulador de Treinamento em Medicina,Medicina:Radiologia:Radioterapia:Educação a distância:Ensino remoto:Simuladores:Plataforma (computação),Andrey Omar Mozo Uscamayta,Innolution Sistemas de Informática Ltda,Ciências da Saúde,Medicina,Clínica Médica
Otimização de plataforma de cultivo de organóides de câncer colorretal derivados de pacientes para seleção personalizada de fármacos,Oncologia:Neoplasias:Células tumorais:Cultura de células:Modelos tridimensionais de cultura de células:Organoides:Técnicas in vitro,Robson Luis Ferraz do Amaral,Living Out Laboratório de Testes Celulares In Vitro Ltda,Ciências da Saúde,Farmácia,Análise Toxicológica
Enfermagem 4.0 - inteligência artificial aplicada na elaboração automática de escalas de trabalho em organizações de saúde,Gestão em saúde:Inteligência artificial:Jornada de trabalho:Organização do trabalho:Profissionais de enfermagem,Thiago Franco,Thiago Franco,Ciências da Saúde,Enfermagem,Enfermagem de Saúde Pública
Avaliação da segurança e eficácia de biocurativos 3D contendo células mesenquimais em pacientes portadores de feridas complexas,Medicina regenerativa:Terapia baseada em transplante de células e tecidos:Células-tronco mesenquimais:Cicatrização:Curativos biológicos:Ferimentos e lesões:Úlcera cutânea,Carolina Caliári Oliveira,In Situ Terapia Celular Ltda,Ciências da Saúde,Medicina,Não Informado
"Validação em novas indicações clínicas, otimizações e ampliação de acesso e inserção no mercado do exame mir-THYpe®, classificador molecular de nódulos tireoidianos indeterminados baseado em microRNA profiling",Citopatologia:Carcinoma:Técnicas de diagnóstico molecular:Glândula tireoide:Nódulo da glândula tireoide:Biópsia por agulha fina:MicroRNAs:Prognóstico,Marcos Tadeu dos Santos,Onkos Diagnósticos Moleculares Ltda (Filial),Ciências da Saúde,Medicina,Anatomia Patológica e Patologia Clínica
Identificação e screening biológico na busca por agentes antimicrobianos produzidos por actinobactérias contra o cancro cítrico,Fitopatologia:Actinobacteria:Doenças de plantas:Cancro (doença de planta):Compostos bioativos:Xanthomonas citri:Fatores biológicos,Tânia Petta,Actinobac Agrosciences Pesquisa e Desenvolvimento Ltda,Ciências Exatas e da Terra,Química,Química Orgânica
Desenvolvimento de uma plataforma dermocosmética composta por máscaras faciais eletro-estimuladas,Cosmetologia:Dermocosméticos:Ácido hialurônico:Fibroínas de seda:Terapia por estimulação elétrica:Doenças da pele e do tecido conjuntivo:Máscaras faciais:indústria cosmética,Camila Nunes Lemos,Inanocare Ltda. - ME,Ciências da Saúde,Farmácia,Farmacotecnia
Desenvolvimento de microagulhas poliméricas para tratamento tópico do melasma,Doenças da pele e do tecido conjuntivo:Pigmentação da pele:Transtornos da pigmentação:Hiperpigmentação:Melanose,Carla Souza,Souza P&D Farmacêutico Ltda,Ciências da Saúde,Farmácia,Farmacotecnia
Medicina veterinária de precisão: desenvolvimento de plataforma de análise de microbiota voltada para a saúde dos animais de estimação,Medicina veterinária:Saúde animal:Biologia computacional:Genômica:Microbiota:Nutrigenômica:Animais domésticos:Plataforma (computação),Renan Medico da Silva,Progenix Pesquisa e Artigos para Laboratório Ltda,Ciências Biológicas,Genética,Genética Molecular e de Microorganismos
Sistema de limpeza e separação pneumática de cana de açúcar e outros produtos agrícolas,Desenvolvimento de produtos:Máquinas pneumáticas:Sistemas de transporte pneumático:Produtos agrícolas:Cana-de-açúcar,José Francisco Torres,BTZ Tecnologia Ltda,Ciências Agrárias,Engenharia Agrícola,Engenharia de Processamento de Produtos Agrícolas
"Desenvolvimento de tecnologias rápidas e eficientes para diagnóstico de biomarcadores críticos relacionados a processos bioquímicos, nutrição e meio ambiente visando um estilo de vida saudável",Metabolômica:Biomarcadores:Diagnóstico precoce:Prevenção de doenças:Estilo de vida saudável:Nutrição:Meio ambiente,Anthony Alexandre Weil,Reload Health Devices Ltda,Ciências da Saúde,Saúde Coletiva,Medicina Preventiva
Desenvolvimento de uma estratégia vacinal carreando proteína viral contra o SARS-CoV-2,Desenvolvimento de vacinas:Vacinas:Administração oral:COVID-19:SARS-CoV-2:Salmonella enterica:Salmonella typhimurium:Pandemias,Marcel Montels Trevisani,Invent Biotecnologia Ltda. - ME,Ciências Biológicas,Imunologia,Imunologia Aplicada
YACON-BR: ingredientes para sabor e vida saudável,Inulina:Prebióticos:Ácido micofenólico:Frutooligossacarídeos:Alimentos funcionais:Batata:Yacon:Estilo de vida saudável,Rita Maria Borges de Moraes,Santa Martha Jardins Ltda. - ME,Engenharias,Engenharia Química,Processos Industriais de Engenharia Química
Estabelecimento de uma plataforma de classificação molecular para o meduloblastoma por qPCR em tempo real,Oncologia:Neoplasias:Meduloblastoma:Classificação molecular do câncer:Reação em cadeia da polimerase via transcriptase reversa quantitativa (qRT-PCR),Ricardo Bonfim Silva,Neogenys Diagnóstico Molecular Ltda,Ciências da Saúde,Medicina,Saúde Materno-infantil
Desenvolvimento de uma plataforma para treinamento em cirurgias de pacientes específicos usando realidade aumentada e manufatura aditiva,Cirurgia assistida por computador:Plataforma (computação):Design instrucional:Impressão tridimensional:Realidade aumentada:Treinamento profissional:Médicos,Carlo Rondinoni,TagmaVisions Treinamentos Digitais Ltda,Ciências da Saúde,Medicina,Cirurgia
Análise de viabilidade técnica e econômica da implantação de uma caldeira de bagaço que integre um ciclo rankine regenerativo com reaquecimento em uma usina sucroalcooleira,Indústria sucro-alcooleira:Usina açucareira:Reaquecimento:Caldeiras:Bagaços:Biomassa:Cana-de-açúcar,Juan Harold Sosa Arnao,Juan Harold Sosa Arnao,Engenharias,Engenharia Mecânica,Engenharia Térmica
Inteligência artificial para otimização de processos pré-colheita e mensuração da produtividade em lavouras de café,Agricultura:Agronegócio:Cafeicultura:Plataforma (computação):Inteligência artificial:Produtividade:Lavoura:Pré-colheita,Diego Moure Oliveira,Agrobee Soluções em Polinização e Sustentabilidade Ltda,Ciências Agrárias,Engenharia Agrícola,Máquinas e Implementos Agrícolas
Desenvolvimento de uma plataforma de síntese e certificação analítica de nitrosaminas de interesse farmacêutico,Nitrosaminas:Fluxo contínuo:Química verde:Impurezas:Química farmacêutica:Produção:Fármacos,João Luis Callegari Lopes,Avita Produtos Químicos Farmacêuticos Ltda,Ciências da Saúde,Farmácia,Não Informado
Validação técnica de constructo reconstrutor gengival bioimpresso à base de células mesenquimais ou vesículas extracelulares em scaffold de ácido hialurônico,Regeneração tecidual:Terapia baseada em transplante de células e tecidos:Ácido hialurônico:Bioimpressão tridimensional:Retração gengival:Vesículas extracelulares:Tecidos suporte,Juliana Magro Ribeiro,In Situ Terapia Celular Ltda,Ciências da Saúde,Odontologia,Periodontia
Plataforma de automação para a agricultura 4.0,Engenharia agrícola:Agricultura de precisão:Sistemas embarcados:Eletrônica embarcada:Interação homem-máquina:Internet das coisas:Automação:Plataforma (computação),Rodrigo Aznar Mendes,Rodrigo Aznar Mendes,Engenharias,Engenharia Elétrica,Não Informado
Biocraft-sardrones: o dispenser voador,Agricultura:Controle de pragas:Controle biológico:Agentes de controle biológico:Cotesia flavipes:Cana-de-açúcar:Veículos aéreos não tripulados,Luis Gustavo Silva Scarpari,Sardrones Aplicações e Serviços Agrícolas - Eireli,Engenharias,Engenharia Aeroespacial,Aerodinâmica
Validação de microRNAs como biomarcadores para o diagnóstico de carcinoma medular de tireóide,Citopatologia:Carcinoma:Glândula tireoide:Carcinoma medular de tiroide:Técnicas de diagnóstico molecular:MicroRNAs:Mutação,Bruna Moretto Rodrigues,Onkos Diagnósticos Moleculares Ltda. - ME,Ciências da Saúde,Medicina,Anatomia Patológica e Patologia Clínica
Desenvolvimento de produtos fitoterápicos a base de curcuminóides como anti-inflamatórios para aplicações na área veterinária,Medicina veterinária:Medicamentos fitoterápicos:Anti-inflamatórios:Usos terapêuticos:Diarileptanoides:Curcuma,Ana Carolina Rodrigues Montes,Sthenos Inovações em Saúde Ltda,Engenharias,Engenharia Química,Tecnologia Química
"Controle biológico do cascudinho da granja, Alphitobius diaperinus (Coleoptera: Tenebrionidae) com base em um bioinseticida fúngico",Avicultura:Controle biológico:Controle de pragas:Fungos entomopatogênicos:Inseticidas biológicos:Coleoptera:Tenebrionidae,Tatiana Magalhães,Decoy Tecnologia em Controle de Pragas S/A,Ciências Biológicas,Ecologia,Ecologia Aplicada
Portal de Imagem Radioterápico (P.I.R),Neoplasias:Radioterapia:Controle da qualidade:Planejamento hospitalar:Hospitais públicos:Portal (internet):Intensificação de imagem radiográfica,Diego Fiori de Carvalho,Innolution Sistemas de Informática Ltda,Ciências da Saúde,Medicina,Não Informado
Microrganismos aplicados em processos alternativos para tratamento de efluentes oleosos,Biorremediação:Automação:Emulsificantes:Poluentes:Tratamento de águas residuárias,Thaís Carvalho Maester Casanova,Eco Biotech Tecnologia em Manutenção Ltda. - ME,Ciências Biológicas,Microbiologia,Microbiologia Aplicada
Desenvolvimento de uma plataforma de cultivo tridimensional baseada em células tumorais derivados de pacientes para o estabelecimento de um modelo de seleção personalizada de fármacos,Oncologia:Fármacos:Quimioterápicos:Cultura de células:Células tumorais:Organoides:Alternativas ao uso de animais,Robson Luis Ferraz do Amaral,Living Out Laboratório de Testes Celulares In Vitro Ltda,Ciências da Saúde,Farmácia,Análise Toxicológica
Controle biológico do parasita Varroa destructor em colônias de Apis mellifera,Apicultura:Abelhas:Apis mellifera:Controle biológico:Controle de pragas:Ácaros:Varroa destructor:Fungos acaropatogênicos,Larissa Galante Elias,Decoy Tecnologia em Controle de Pragas S/A,Ciências Biológicas,Ecologia,Ecologia Aplicada
Avaliação genética pré-implantacional não invasiva para embriões humanos,Sequenciamento de nova geração:Técnicas de reprodução assistida:Vírus da imunodeficiência felina:Diagnóstico pré-implantação:Aneuploidia:Embrião,Jose Gonçalves Franco Junior,"Centro Paulista de Diagnóstico, Pesquisa e Treinamento Ltda (CPDP)",Ciências da Saúde,Medicina,Não Informado
Produção de colunas de bioafinidade (Afin®) para triagem de ligantes de colinesterases,Imobilização:Colinesterases:Ligantes:Cromatografia,Adriana Ferreira Lopes Vilela,Adriana Ferreira Lopes Vilela,Ciências Exatas e da Terra,Química,Química Analítica
Plataforma brasileira para estudos toxicogenéticos e screening de novas moléculas em ensaios pré-clínicos,Testes para micronúcleos:Genotoxicidade:Toxicogenética:Melanoma:Testes de toxicidade:Desenvolvimento de fármacos,Carla Carolina Munari,Eleve Science Pesquisa e Desenvolvimento Ltda,Ciências Biológicas,Farmacologia,Toxicologia
S-RED: sistema de registro eletrônico de dose para exames médicos que utilizam radiação ionizante,Física médica:Exames médicos:Tomografia computadorizada:Radiação ionizante:Neoplasias mamárias:Big data,Hilton Vicente César,Radiologia IS Desenvolvimento de Programas Ltda,Ciências da Saúde,Medicina,Radiologia Médica
Identificação e screening biológico na busca por agentes antimicrobianos produzidos por actinobactérias contra o cancro cítrico,Actinobacteria:Compostos bioativos:Cancro (doença de planta),Tânia Petta,Actinobac Agrosciences Pesquisa e Desenvolvimento Ltda,Ciências Exatas e da Terra,Química,Química Orgânica
Desenvolvimento de um detector opticamente estimulável para dosimetrias pessoal e médica,Radiação ionizante:Radioproteção:Dosímetros,Luiz Carlos de Oliveira,MRA Indústria de Equipamentos Eletrônicos Ltda,Ciências Exatas e da Terra,Física,Física da Matéria Condensada
SIPRAD: Sistema de Planejamento Radioterápico,Neoplasias:Radioterapia,José Antonio Camacho Guerrero,Innolution Sistemas de Informática Ltda,Ciências da Saúde,Medicina,Radiologia Médica
Plataforma de Big Data público de mapeamento de indícios de irregularidade nos relacionamentos de empresas com contrapartes,Administração pública:Transparência pública:Tecnologia da informação:Big data:Compliance:Auditoria:Fiscalização,Lucas Madureira dos Anjos,Gedanken Desenvolvimento e Licenciamento de Programas de Computador Ltda,Ciências Sociais Aplicadas,Administração,Administração de Empresas
Análise de viabilidade técnica e comercial da aplicação de realidade aumentada e manufatura aditiva para treinamento em cirurgias de pacientes específicos,Realidade aumentada:Impressão tridimensional:Modelagem tridimensional:Cirurgia assistida por computador:Treinamento profissional:Pessoal de saúde,Carlo Rondinoni,TagmaVisions Treinamentos Digitais Ltda,Ciências da Saúde,Medicina,Cirurgia
O uso de exossomos derivados de células mesenquimais na medicina regenerativa: aproveitamento de subprodutos da terapia celular para formulação de composto de uso tópico para o tratamento de feridas,Dermatologia:Exossomos:Terapia baseada em transplante de células e tecidos,Adriana Oliveira Manfiolli,In Situ Terapia Celular Ltda,Ciências da Saúde,Medicina,Não Informado
Mecanismos de detecção de senhas inseguras através de redes generativas adversárias baseadas em mineração de dados de vazamentos na deep web,Segurança da informação:Vazamento de informação:Mineração de dados:Internet:Internet das coisas,Rafael Mira de Oliveira Libardi,Noleak Tecnologia da Informação Ltda,Ciências Exatas e da Terra,Ciência da Computação,Sistemas de Computação
Desenvolvimento de sistema de liberação nanoestruturado como medicação intracanal de dentes decíduos e permanentes,Odontopediatria:Hidróxido de cálcio:Canal radicular,Daniela Spuri Bernardi,Lipid Ingredients & Technologies Ltda. - ME,Ciências da Saúde,Odontologia,Endodontia
Desenvolvimento e avaliação de glicoconjugados com aplicações em oncologia humana e veterinária,Oncologia:Biotecnologia:Química médica:Atenção à saúde:Saúde pública veterinária:Antineoplásicos:Glicoconjugados:Mucinas:Imunoterapia,Vanessa Leiria Campo,V L Campo,Ciências da Saúde,Farmácia,Não Informado
"Aprimoramento do sistema CleverCare por meio do desenvolvimento de novas funcionalidades, adaptações para internacionalização e desenvolvimento de novos métodos de acesso ao sistema",Informática médica:Aprendizado computacional:Redes complexas,Hugo Cesar Pessotti,Kidopi Soluções em Informática Médica Ltda (Kidopi),Ciências Exatas e da Terra,Ciência da Computação,Sistemas de Computação
Controle biológico do parasita Varroa destructor em colônias de Apis mellifera,Apicultura:Controle biológico:Controle de pragas,Larissa Galante Elias,Decoy Tecnologia em Controle de Pragas S/A,Ciências Biológicas,Ecologia,Ecologia Aplicada
Desenvolvimento de uma bebida funcional a base de café através de recursos nanotecnológicos,Nanotecnologia:Antioxidantes:Bebidas:Biodisponibilidade:Café,Fernanda Rebel Moreira Alves,Fernanda Rebel Moreira Alves,Ciências Agrárias,Ciência e Tecnologia de Alimentos,Tecnologia de Alimentos
Estabelecimento de um modelo de pele tridimensional para o desenvolvimento e avaliação da eficácia de formulações cosméticas fotoprotetoras e antienvelhecimento,Cultura de células:Raios ultravioleta:Fotoquimioterapia:Cosméticos:Envelhecimento da pele:Protetores solares:Fotoproteção,Ana Luiza Scarano Aguillera Forte,Eleve Science Pesquisa e Desenvolvimento Ltda,Ciências da Saúde,Farmácia,Análise e Controle de Medicamentos
"Fonte de luz laser com controle cromático digital para aplicações médicas, diagnósticas e cirúrgicas",Energia:Equipamentos médicos duráveis:Fibra óptica:Laser (aparelho cirúrgico):Iluminação,Alexandre Martinewski,Sigmed Equipamentos Eletrônicos Ltda. - EPP,Engenharias,Engenharia Biomédica,Engenharia Médica
Estudos de pós colheita para a otimização das propriedades funcionais do yacon (Smallanthus sonchifolius),Alimentos funcionais:Frutooligossacarídeos:Prebióticos:Pós-colheita:Smallanthus sonchifolius:Propriedades funcionais:Suplementos nutricionais,Rita Maria Borges de Moraes,Santa Martha Jardins Ltda. - ME,Ciências Agrárias,Agronomia,Fitotecnia
Desenvolvimento de ferramentas para aconselhamento genômico visando o aumento da produtividade de rebanhos de gado de corte,Endogamia:Marcador molecular:Aconselhamento genético:Produtividade:Bovinos de corte:Gado Nelore:Simulação:Softwares,Raysildo Barbosa Lôbo,Centro Técnico de Avaliação Genética Ltda. - EPP,Ciências Agrárias,Zootecnia,Genética e Melhoramento dos Animais Domésticos
Desenvolvimento e determinação da eficácia de produtos de origem bacteriana para tratamento de efluentes,Biotecnologia:Biorremediação:Lipase:Tratamento de águas residuárias:Tratamento de esgotos sanitários:Catalisadores,Thaís Carvalho Maester Casanova,Eco Biotech Tecnologia em Manutenção Ltda. - ME,Ciências Biológicas,Microbiologia,Microbiologia Aplicada
Desenvolvimento de um detector oticamente estimulável para dosimetrias pessoal e médica,Detectores de radiação:Radiação ionizante:Dosimetria:Dosímetros:Luminescência,Luiz Carlos de Oliveira,MRA Indústria de Equipamentos Eletrônicos Ltda,Ciências Exatas e da Terra,Física,Física da Matéria Condensada
Caracterização e validação multicêntrica de um exame molecular para classificação de nódulos tireoidianos indeterminados baseado em microRNA profiling,Técnicas de diagnóstico molecular:Neoplasias:MicroRNAs:Expressão gênica:Nódulo da glândula tireoide:Tireoidectomia:Biópsia por agulha fina,Marcos Tadeu dos Santos,Onkos Diagnósticos Moleculares Ltda. - ME,Ciências da Saúde,Medicina,Anatomia Patológica e Patologia Clínica
Sistema de liberação lipídico nanoestruturado: alternativa para a neuroimunomodulação da psoríase,Neuroimunomodulação:Inflamação:Psoríase:Nanotecnologia:Sistemas de liberação de medicamentos:Tratamento farmacológico,Daniel Roberto Callejon,Yosen Indústria e Comércio de Produtos para Saúde Ltda,Ciências Biológicas,Farmacologia,Farmacologia Geral
Desenvolvimento do Pipoh - pelúcia inteligente e personalizável para orientação hospitalar visando a redução de ansiedade e estresse em crianças hospitalizadas,Assistência hospitalar:Informática médica:Reconhecimento de imagem:Processamento de linguagem natural:Criança hospitalizada:Ansiedade:Estresse psicológico:Brinquedos,Mario Sérgio Adolfi Júnior,Kidopi Soluções em Informática Médica Ltda (Kidopi),Ciências Exatas e da Terra,Ciência da Computação,Sistemas de Computação
Simuladores sintéticos do tecido biológico para treinamento em procedimentos médicos guiados por ultrassom: amniocentese,Amniocentese:Cirurgia:Ultrassom:Impressão tridimensional,Felipe Wilker Grillo,F W Grillo - ME,Engenharias,Engenharia Biomédica,Bioengenharia
Plataforma de avaliação e treinamento cognitivo de atletas utilizando realidade virtual,Neurociências:Psicologia do esporte:Realidade virtual:Aplicativos móveis:Ludificação:Treinamento por simulação:Cognição:Atletas:Performance,Caio Margarido Moreira,Sensorial Desenvolvimento de Software Ltda. - ME,Interdisciplinar,Não Informado,Não Informado
"Desenvolvimento e caracterização de medicamento de base nanotecnológica, alvo-dirigido, para tratamento de Leishmaniose",Tecnologia farmacêutica:Nanotecnologia:Desenvolvimento de fármacos:Anfotericina B:Carreadores lipídicos nanoestruturados:Doenças negligenciadas:Leishmaniose,Franciane Marquele de Oliveira,Eleve Science Pesquisa e Desenvolvimento Ltda,Ciências da Saúde,Farmácia,Farmacotecnia
Plataforma para promoção da polinização inteligente: aumento da produtividade e qualidade de culturas e mel,Controle da qualidade:Produtividade:Polinização:Laranja:Abelhas:Café:Maçã:Melão:Mel,Andresa Aparecida Berretta e Silva,Agrobee Soluções em Polinização e Sustentabilidade Ltda,Ciências Agrárias,Zootecnia,Pastagens e Forragicultura
"Desenvolvimento de um antifúngico natural, obtido a partir de um óleo essencial, para aumentar a conservação de alimentos """"in natura""""",Segurança alimentar:Microbiologia de alimentos:Alimentos naturais:Óleos essenciais:Conservantes:Fungos fitopatogênicos:Antifúngicos,Thaila Fernanda dos Reis,Microcontrol Innovation Ltda. - ME,Ciências Biológicas,Microbiologia,Não Informado
Desenvolvimento de um dermocosmético multifuncional contendo ativo nanotecnológico para melhoria da pele com melasma,Nanotecnologia:Nanopartículas:Cosmetologia:Dermocosméticos:Cosméticos:Pigmentação:Melanose:Pele,Tais Aleriana Lucon Wagemaker,G&G Cosmética Ltda. - ME,Ciências da Saúde,Farmácia,Não Informado
Análise de viabilidade técnica e econômica da implantação de uma caldeira de bagaço que integre um ciclo rankine regenerativo com reaquecimento em uma usina sucroalcooleira,Exergia:Energia:Reaquecimento:Bagaços:Geração de energia elétrica:Indústria sucro-alcooleira:Caldeiras,Juan Harold Sosa Arnao,Juan Harold Sosa Arnao,Engenharias,Engenharia Mecânica,Engenharia Térmica
Cofre automatizado utilizando robô cartesiano,Instalações prediais de segurança:Automação predial:Edifícios residenciais:Segurança pública:Furto:Roubo:Biometria,Stefano Guimarães Velludo,Exclusif Ltda. - EPP,Engenharias,Engenharia Elétrica,"Circuitos Elétricos, Magnéticos e Eletrônicos"
Desenvolvimento de um processo inovador de síntese do fármaco cloridrato de remifentanila utilizando estratégias de qímica verde,Química verde:Fármacos:Remifentanil,Thais Guaratini,Avita Produtos Químicos Farmacêuticos Ltda,Ciências da Saúde,Farmácia,Análise e Controle de Medicamentos
Desenvolvimento de plataforma computacional e aplicativos móveis para captura e gerenciamento de documentos de saúde em suporte papel e nato-digitais em conformidade com a legislação brasileira (SBIS/CFM/CONARQ) e aderência à lei americana HIPAA,Informática médica:Gerenciamento eletrônico de documentos:Sistemas computadorizados de registros médicos:Recuperação da informação:Digitalização:Terminologia:Plataforma (computação):Aplicativos móveis,Flavio Barbosa,Ciaware Centro de Informatizações e Análises Ltda,Engenharias,Engenharia Biomédica,Engenharia Médica
"Fonte de luz laser com controle cromático digital para aplicações médicas, diagnósticas e cirúrgicas",Equipamentos e provisões hospitalares:Fibra óptica:Energia:Iluminação:Diodos:Energia elétrica:Laser,Alexandre Martinewski,Sigmed Equipamentos Eletrônicos Ltda. - EPP,Engenharias,Engenharia Biomédica,Engenharia Médica
Nanofibras de biocelulose: uma nova geração de materiais para aplicações na liberação de fármacos,Fenômenos e processos farmacológicos e toxicológicos:Liberação controlada de fármacos:Nanofibras:Spray drying:Gluconacetobacter xylinus,Andréia Bagliotti Meneguin,Labmaq do Brasil Ltda,Ciências da Saúde,Farmácia,Farmacotecnia
SIPRAD: Sistema de Planejamento Radioterápico,Terapêutica médica:Radioterapia:Neoplasias:Raios X:Tomógrafos computadorizados,Diego Fiori de Carvalho,Innolution Sistemas de Informática Ltda,Ciências da Saúde,Medicina,Radiologia Médica
"Aprimoramento do sistema CleverCare por meio do desenvolvimento de novas funcionalidades, adaptações para internacionalização e desenvolvimento de novos métodos de acesso ao sistema",Informática médica:Aprendizado computacional:Usabilidade de software:Frameworks:Gestão da informação:Sistemas de informação em saúde,Hugo Cesar Pessotti,Kidopi Soluções em Informática Médica Ltda (Kidopi),Ciências Exatas e da Terra,Ciência da Computação,Sistemas de Computação
Armazenamento multi nuvem privado e seguro de arquivos usando dispersão de dados e criptografia,Computação em nuvem:Sistemas distribuídos:Segurança da informação:Criptologia:Privacidade,Rafael Mira de Oliveira Libardi,Rafael Mira de Oliveira Libardi Eireli - ME,Ciências Exatas e da Terra,Ciência da Computação,Sistemas de Computação
Desenvolvimento e aplicações de microcápsulas de defensivos agrícolas orgânicos pela técnica de spray dryer - fase 2,Agricultura orgânica:Secagem:Spray drying:Microencapsulação:Bioensaio:Pesticidas,Luciana Alves Tacon,Labmaq do Brasil Ltda,Ciências Agrárias,Agronomia,Fitossanidade
Pesquisa e desenvolvimento de nova vacina para mastite bovina,Produtos imunológicos:Imunogenicidade:Vacinas:Mastite bovina:beta-Glucanas,Carlos Eduardo Junqueira Fonseca,Laboratório Vitafort Indústria e Comércio Produtos Veterinários Ltda,Ciências Agrárias,Medicina Veterinária,Medicina Veterinária Preventiva
"Otimização do processo de terapia celular para lesões cutâneas em pacientes: desenvolvimento de biocurativo e avaliação do potencial terapêutico de queratinócitos, fibroblastos e células mesenquimais em úlceras crônicas e queimaduras graves",Dermatologia:Terapia baseada em transplante de células e tecidos:Curativos biológicos:Úlcera cutânea:Queimaduras:Queratinócitos:Fibroblastos,Carolina Caliári Oliveira,In Situ Terapia Celular Ltda,Ciências da Saúde,Medicina,Não Informado
"Método computacional para desenvolvimento percepção, da atenção e da ação de atletas",Desempenho esportivo:Atletas:Cognição:Modelos neurológicos:Modelagem computacional,Caio Margarido Moreira,Sensorial Desenvolvimento de Software Ltda. - ME,Interdisciplinar,Não Informado,Não Informado
Perfis de microRNAs como ferramenta de identificação de recidiva em pacientes com câncer de próstata,Prostatectomia:Neoplasias da próstata:Metástase:MicroRNAs:Recidiva,Ana Lígia Buzolin,Onkos Diagnósticos Moleculares Ltda. - ME,Ciências Biológicas,Genética,Genética Humana e Médica
Estabelecimento de um modelo de pele tridimensional para o desenvolvimento e avaliação da eficácia de formulações cosméticas fotoprotetoras e antienvelhecimento,Raios ultravioleta:Cultura de células:Envelhecimento:Neoplasias cutâneas:Protetores solares:Fotoproteção,Ana Luiza Scarano Aguillera Forte,Agrobee Soluções em Polinização e Sustentabilidade Ltda,Ciências da Saúde,Farmácia,Análise e Controle de Medicamentos
"Produção de gonadotrofina coriônica equina recombinante (r-eCG) em sistema eucariótico, para uso em protocolos de sincronização de cio",Biotecnologia da reprodução:Sincronização do cio:Inseminação artificial animal:Bovinos:Proteínas recombinantes:Gonadotrofina coriônica,Camillo Del Cistia Andrade,LCR Kimera Biotecnologia Ltda,Ciências Agrárias,Medicina Veterinária,Reprodução Animal
Determinação da eficácia e segurança de princípio ativo de origem natural e desenvolvimento de nanopartículas para tratamento de artrite reumatoide,Artrite reumatoide:Anti-inflamatórios:Inflamassomos:Extratos vegetais:Própolis:Nanopartículas:Modelos animais,Juliana Issa Hori,Apis Flora Industrial e Comercial Ltda,Ciências Biológicas,Imunologia,Imunologia Aplicada
"Prospecção de atividade de lipídios, nanocarreadores e vesículas lipídicas nanoestruturadas em soluções crioprotetoras e desenvolvimento de kits para uso em tecnologia da reprodução assistida",Técnicas de reprodução assistida:Criopreservação animal:Lipidômica:Lipídeos:Oócitos:Embrião:Nanotecnologia:Kit de reagentes para diagnóstico,Alessandra Aparecida Vireque,INVITRA - Tecnologia da Reprodução Assistida Ltda,Ciências Agrárias,Medicina Veterinária,Reprodução Animal
Aplicação do antibiótico nigericina para controle microbiológico no setor agroindustrial,Indústria sucro-alcooleira:Biotecnologia:Nigericina:Antibióticos:Fermentação:Etanol:Monensin:Actinobacteria,Mário César Souza e Silva,M C Tech Biotecnologia Ltda,Ciências Biológicas,Bioquímica,Bioquímica de Microorganismos
"Desenvolvimento e caracterização de medicamento de base nanotecnológica, alvo-dirigido, para tratamento de leishmaniose",Doenças negligenciadas:Leishmaniose:Leishmania:Anfotericina B:Pentamidina:Paromomicina:Carreadores lipídicos nanoestruturados,Franciane Marquele de Oliveira,Agrobee Soluções em Polinização e Sustentabilidade Ltda,Ciências da Saúde,Farmácia,Farmacotecnia
Análise da eficiência de um sistema de armazenamento de pequenas quantidades de material biológico em cartão associado a um método de diagnóstico e quantificação molecular de última geração,Surtos de doenças:Técnicas de diagnóstico molecular:Infecções por HTLV-I:Infecções por HTLV-II:Reação em cadeia da polimerase em tempo real:Reação em cadeia por polimerase (PCR):DNA,Daniel Blasioli Dentillo,Dentillo e Gavio Identificação e Quantificação Molecular Ltda. - ME,Ciências da Saúde,Medicina,Clínica Médica
Desenvolvimento de plataforma computacional e aplicativos móveis para captura e gerenciamento de documentos de saúde em suporte papel e nato-digitais em conformidade com a legislação brasileira (SBIS/CFM/CONARQ) e aderência a lei americana HIPAA,Informática médica:Computação em nuvem:Computação ubíqua:Dispositivos móveis:Sistemas computadorizados de registros médicos:Digitalização:Big data,Flavio Barbosa,Ciaware Centro de Informatizações e Análises Ltda,Engenharias,Engenharia Biomédica,Engenharia Médica
Ferramenta de roteirização e inteligência educacional com mapeamento de métricas e indicadores,Plataforma (computação):Tecnologia educacional:Plataformas de ensino e aprendizagem:Indicadores de desempenho:Roteirização:Aprendizado computacional:Ensino por computador,Reginaldo Aparecido Gotardo,Cross Reality Sistemas Ltda,Ciências Humanas,Educação,Não Informado
SIPRAD: sistema de planejamento radioterápico,Terapêutica médica:Radioterapia:Raios X:Neoplasias:Desenvolvimento de software,Diego Fiori de Carvalho,Innolution Sistemas de Informática Ltda,Ciências da Saúde,Medicina,Radiologia Médica
Classificação molecular de nódulos tireoidianos indeterminados através de microRNA profiling,Técnicas de diagnóstico molecular:Neoplasias:Nódulo da glândula tireoide:Tireoidectomia:MicroRNAs,Marcos Tadeu dos Santos,Onkos Diagnósticos Moleculares Ltda. - ME,Ciências Biológicas,Genética,Genética Humana e Médica
Desenvolvimento de um processo inovador de síntese do fármaco cloridrato de remifentanila utilizando estratégias de química verde,Fármacos:Síntese de fármacos:Química verde:Analgésicos opioides:Remifentanil,Thais Guaratini,Avita Produtos Químicos Farmacêuticos Ltda,Ciências da Saúde,Farmácia,Análise e Controle de Medicamentos
Dispositivo portátil para análise preditiva de pressão acústica de transdutores de ultrassom,"Técnicas e equipamentos analíticos, diagnósticos e terapêuticos:Equipamentos e provisões elétricas:Campo magnético:Transdutores de pressão:Sensores piezoelétricos:Ultrassom:Calibragem",Rogerio Bulha Siqueira,Figlabs Pesquisa e Desenvolvimento Ltda (Figlabs),Engenharias,Engenharia Biomédica,Bioengenharia
Medicina regenerativa utilizando queratinócitos e fibroblastos ou melanócitos para terapia celular em úlceras cutâneas de diferentes etiologias e vitiligo,Dermatologia:Cicatrização:Fibroblastos:Queimaduras:Melanócitos:Queratinócitos:Terapia baseada em transplante de células e tecidos:Vitiligo:Úlcera cutânea,Carolina Caliári Oliveira,In Situ Terapia Celular Ltda,Ciências da Saúde,Medicina,Não Informado
Desenvolvimento de microcápsulas de defensivos agrícolas orgânicos por spray dryer,Embalagens de alimentos:Microencapsulação:Agricultura orgânica:Pesticidas:Bioensaio,Luciana Alves Tacon,Labmaq do Brasil Ltda,Ciências Agrárias,Agronomia,Fitossanidade
Obtenção de ácidos graxos de alto valor agregado a partir de biodiesel derivado de óleos pré-tratados via refino físico,Ácidos graxos:Biodiesel:Hidrólise:Catálise:Ésteres:Produção agrícola:Soja,Danilo Marques de Lima,"BRP Inovação, Assessoria e Representação Comercial Ltda",Engenharias,Engenharia Química,Tecnologia Química
Análise de viabilidade técnica-comercial de simuladores sintéticos do tecido biológico para treinamento em procedimentos médicos guiados por ultrassom,Ultrassom:Anestesia local:Tecidos (anatomia):Glândula tireoide:Treinamento profissional,Felipe Wilker Grillo,F W Grillo - ME,Engenharias,Engenharia Biomédica,Não Informado
Desenvolvimento de um processo escalonável para a produção de emulsões lipídicas utilizadas em nutrição parenteral,Nutrição parenteral:Tecnologia farmacêutica:Nanotecnologia:Nanoemulsão:Emulsões (formas farmacêuticas),Daniela Spuri Bernardi,Lipid Ingredients & Technologies Ltda. - ME,Ciências da Saúde,Farmácia,Farmacotecnia
Desenvolvimento de uma armadilha feromonal para o controle do carrapato bovino Ripicephalus (Boophilus) microplus,Ecologia química:Saúde animal:Bovinocultura:Feromônios:Parasitos:Carrapatos:Boophilus microplus:Controle biológico,Juca Abramo Barrera San Martin,Decoy Tecnologia em Controle de Pragas S/A,Ciências Biológicas,Ecologia,Ecologia Aplicada
Desenvolvimento de biofármaco a partir de plataforma de produção de anticorpos monoclonais recombinantes,Anticorpos monoclonais:Phage display:Biofarmacologia:Fármacos,Mirela de Barros Tamarozzi,Invent Biotecnologia Ltda. - ME,Ciências Biológicas,Bioquímica,Química de Macromoléculas
"Multiverso empreendedor: desenvolvimento de software para tomada de decisão e gestão de PMEs, promoção de boas práticas empreendedoras e geração de lucro em PMEs",Empreendedorismo:Desenvolvimento de software:Tomada de decisão:Pequenas e médias empresas,Henrique Croisfelts,PHC Serviços Administrativos e Projetos Ltda. - ME,Ciências Sociais Aplicadas,Administração,Administração de Empresas
Pesquisa e desenvolvimento de nova vacina para mastite bovina,Mastite bovina:Imunogenicidade:Desenvolvimento de vacinas:Vacinas:Glucanos,Carlos Eduardo Junqueira Fonseca,Laboratório Vitafort Indústria e Comércio Produtos Veterinários Ltda,Ciências Agrárias,Medicina Veterinária,Medicina Veterinária Preventiva
Identificação de novas drogas para o tratamento da tuberculose,Tuberculose:Fármacos:Ensaios enzimáticos,Sandra Rodrigues Pereira Faça,Veritas Biotecnologia Ltda,Ciências Biológicas,Bioquímica,Enzimologia
Desenvolvimento de um medicamento de base nanotecnológica oriundo da biodiversidade brasileira para tratamento de Leshmaniose,Nanotecnologia:Biodiversidade:Nanopartículas:Ocotea:Leishmaniose,Franciane Marquele de Oliveira,Apis Flora Industrial e Comercial Ltda,Ciências da Saúde,Farmácia,Farmacognosia
Prospecção de atividade de lipídios e carreadores lipídicos em soluções crioprotetoras e desenvolvimento de kits para uso em tecnologia da reprodução assistida,Biotecnologia:Técnicas de reprodução assistida:Criopreservação:Oócitos:Embrião,Alessandra Aparecida Vireque,INVITRA - Tecnologia da Reprodução Assistida Ltda,Ciências Agrárias,Medicina Veterinária,Reprodução Animal
Bioprodução de enzimas para refino de celulose,Fermentação:Papel:Refino:Celulose:Bioprocessos,Luana Martins de Andrade da Cruz,Verdartis Desenvolvimento Biotecnológico Ltda. - ME,Engenharias,Engenharia Química,Processos Industriais de Engenharia Química
"Estatores de alto rendimento e processo de retrofit em motores elétricos trifásicos de 1 a 100 hp, ip-55, em 2, 4, 6 e 8 polos, em uso, seminovos, sucateados ou recondicionados, de baixo rendimento para máquinas de alta-eficiência com a ostentação da etiqueta Inmetro",Motores elétricos:Economia de energia:Controle da qualidade,Joel Aires Prates,Capataz - Estatores Motores e Geradores Elétricos Eireli - ME,Engenharias,Engenharia Elétrica,Sistemas Elétricos de Potência
"Produção de gonadotrofina coriônica equina recombinante (r-eCG) em sistema eucariótico, para uso em protocolos de sincronização de cio",Bovinos:Gonadotrofina coriônica,Camillo Del Cistia Andrade,LCR Kimera Biotecnologia Ltda,Ciências Agrárias,Medicina Veterinária,Reprodução Animal
Desenvolvimento de dispositivos poliméricos nanobiocarreadores para liberação controlada de fármacos fotossensibilizadores ftalocianínicos aplicados a regeneração de tecidos biológicos e tratamento de lesões,Laser:Nanotecnologia:Fármacos fotossensibilizantes:Regeneração tecidual guiada,Fernando Lucas Primo,Nanophoton Ltda. - ME,Ciências da Saúde,Farmácia,Não Informado
Desenvolvimento de sistemas de liberação sustentada de fármacos para o tratamento de doença periodontal,Doenças periodontais:Fármacos:Filmes:Metronidazol,Maria Paula Garofo Peixoto,"Essentii Pesquisa, Desenvolvimento e Inovação Ltda. - ME",Ciências da Saúde,Farmácia,Farmacotecnia
Desenvolvimento de sistemas de liberação sustentada de fármacos para o tratamento da doença periodontal,Doenças periodontais:Fármacos:Caseínas:Metronidazol:Pectinas,Cristiane Cardoso Correia Teixeira,"Essentii Pesquisa, Desenvolvimento e Inovação Ltda. - ME",Ciências da Saúde,Farmácia,Farmacotecnia
Desenvolvimento de um medicamento para tratamento de candidíase vulvovaginal,Doenças transmissíveis:Candidíase vulvovaginal:Fitoterapia:Medicamentos fitoterápicos:Antifúngicos:Própolis,Andresa Aparecida Berretta e Silva,Apis Flora Industrial e Comercial Ltda,Ciências da Saúde,Farmácia,Farmacognosia
"Obtenção de um antibiótico de origem natural, obtido por processo biotecnológico, para controle de contaminação de processos de fermentação alcoólica",Biotecnologia:Contaminação:Fermentação alcoólica:Própolis:Aspergillus,Andresa Piacezzi Nascimento Rodrigues,Apis Flora Industrial e Comercial Ltda,Ciências Biológicas,Microbiologia,Microbiologia Aplicada
Equipamento para revestimento de formas farmacêuticas,Indústria farmacêutica:Leito fluidificado:Farmácia prática:Formas farmacêuticas:Revestimentos,Mario Tsukada,Labmaq do Brasil Ltda,Ciências da Saúde,Farmácia,Farmacotecnia
Estabelecimento e padronização do modelo ex vivo de pele humana para avaliação de segurança e eficácia de filtro de proteção solar (FPS),Cosmetologia:Cosméticos:Tecnologia de cosméticos:Protetores solares:Fotoproteção:Alternativas ao uso de animais:Alternativas aos testes com animais,Thiago Antônio Moretti de Andrade,Narcissus Pesquisa Clínica e Biotecnologia Ltda. - ME,Ciências da Saúde,Medicina,Clínica Médica
Desenvolvimento e avaliação de biocurativos obtidos a partir de celulose bacteriana e extrato padronizado de Própolis (EPP-AF) para o tratamento de queimaduras e/ou lesões de pele,Própolis:Cicatrização:Anti-infecciosos:Queimaduras:Curativos biológicos,Hernane da Silva Barud,Apis Flora Industrial e Comercial Ltda,Ciências da Saúde,Farmácia,Farmacotecnia
Desenvolvimento de biofármaco a partir de plataforma de produção de anticorpos monoclonais recombinantes,Biofarmacologia:Biofármacos:Fármacos:Anticorpos monoclonais:Phage display,Sandro Gomes Soares,Invent Biotecnologia Ltda. - ME,Ciências Biológicas,Bioquímica,Química de Macromoléculas
Desenvolvimento de ensaio enzimático para identificar novas pequenas moléculas antimicobacterianas para tubérculos em fase latente,Ensaios enzimáticos:Tuberculose:Mycobacterium:Complexo de endopeptidases do proteassoma,Sandra Rodrigues Pereira Faça,Veritas Biotecnologia Ltda,Ciências Biológicas,Bioquímica,Bioquímica de Microorganismos
"Desenvolvimento de enzimas industriais: aplicações em refinação de celulose, degomagem de óleo de soja, branqueamento de açúcar e sacarificação de celulose",Processamento de alimentos:Refino:Açúcar:Celulose:Óleo de soja:Enzimas,Fabiana Carina Pavezzi,Verdartis Desenvolvimento Biotecnológico Ltda. - ME,Ciências Biológicas,Bioquímica,Não Informado
Desenvolvimento de um aplicativo de acesso móvel ao Sistema de Regulação Médica de Urgências e Emergências,Computação móvel:Desenvolvimento de software:Desenvolvimento de tecnologia:Serviços médicos de emergência,Mario Sérgio Adolfi Júnior,Kidopi Soluções em Informática Médica Ltda (Kidopi),Engenharias,Engenharia Biomédica,Engenharia Médica
Dispositivo de aquisição de imagens por meio de câmeras CMOS multiplexadas,Raios X:Diagnóstico por imagem:Câmeras de precisão,Fernando Agostini Funk Thomaz,Rad Tech Sistemas Médicos Ltda,Ciências Biológicas,Biofísica,Radiologia e Fotobiologia
Desenvolvimento de corpo de prova e dispositivo para avaliação da eficiência mastigatória,Preparações farmacêuticas:Implantes de medicamento:Eficiência mastigatória:Microgrânulos,Andrea Fontoura,"Essentii Pesquisa, Desenvolvimento e Inovação Ltda. - ME",Ciências da Saúde,Farmácia,Farmacotecnia
Isolamento de bacteriófagos para tratamento de Salmonella spp. em frangos,Saúde animal:Anti-infecciosos:Bacteriófagos:Salmonella:Frangos,Gustavo Olszanski Acrani,Virológica Soluções em Microbiologia Ltda,Ciências Biológicas,Microbiologia,Microbiologia Aplicada
Bioprocesso de produção de enzimas para biorrefinaria de biomassa: branqueamento de celulose,Bioprocessos:Celulose:Enzimas:Xilosidases:Branqueamento da celulose:Biorrefinarias,Álvaro de Baptista Neto,Verdartis Desenvolvimento Biotecnológico Ltda. - ME,Engenharias,Engenharia Química,Processos Industriais de Engenharia Química
Desenvolvimento de sistema de produção de interferon-beta 1B humano visando a produção de biofármaco,Biofármacos:Proteínas recombinantes:Imunidade inata:Interferon beta,Ebert Seixas Hanna,Invent Biotecnologia Ltda. - ME,Ciências Biológicas,Bioquímica,Química de Macromoléculas
Obtenção de um insumo farmacêutico de origem natural para tratamento de candidemias e candidíases,Candidíase:Candidemia:Desenvolvimento de produtos:Fármacos:Própolis,Andresa Aparecida Berretta e Silva,Apis Flora Industrial e Comercial Ltda,Ciências da Saúde,Farmácia,Farmacognosia
"Desenvolvimento de medicamento, utilizando plantas da biodiversidade brasileira, para o tratamento da Leishmaniose: o potencial do lignoide grandisina",Farmacocinética:Biodiversidade:Lignanas:Leishmaniose:Toxicidade,Leandro de Santis Ferreira,Lychnoflora Pesquisa e Desenvolvimento em Produtos Naturais Ltda (Lychnoflora),Ciências da Saúde,Farmácia,Farmacognosia
Produção de antibióticos naturais para fermentação alcoólica industrial,Química orgânica:Fermentação alcoólica:Antibióticos:Plantas medicinais:Produção de etanol:Etanol,Eloisa Aparecida Mocheuti Kronka,Al Sukkar Biotecnologia Industrial Ltda. - ME,Ciências Exatas e da Terra,Química,Química Analítica
Desenvolvimento de enzimas para biobranqueamento de celulose: serviço de personalização de enzimas através de um processo robusto e inovador de engenharia molecular,Genética molecular:Enzimas:Xilosidases:Celulose:Refinarias,Nínive Aguiar Colonello Frattini,Verdartis Desenvolvimento Biotecnológico Ltda. - ME,Ciências Biológicas,Bioquímica,Não Informado
Clonagem e expressão de proteína VP2 de bocavírus humano para desenvolvimento de insumo para kit de diagnóstico rápido,Epidemiologia:Vírus sinciciais respiratórios:Bocavirus humano:Biologia molecular:Proteínas recombinantes:Testes imediatos,Patricia de Oliveira Carminati,Virológica Soluções em Microbiologia Ltda,Ciências Biológicas,Microbiologia,Microbiologia Aplicada
Análise de viabilidade técnica e científica de nova técnica de imagem denominada de magnetoacustografia para utilização em um equipamento de utrassom de diagnóstico,Ultrassom:Técnicas de imagem por elasticidade:Diagnóstico:Tratamento:Estudos de viabilidade,Thiago Wellington Joazeiro de Almeida,Figlabs Pesquisa e Desenvolvimento Ltda (Figlabs),Engenharias,Engenharia Biomédica,Não Informado
Desenvolvimento de corpo de prova e dispositivo para avaliação da eficiência mastigatória,Mastigação:Eficiência mastigatória:Sistema estomatognático,Camila Alves Areda,"Essentii Pesquisa, Desenvolvimento e Inovação Ltda. - ME",Ciências da Saúde,Farmácia,Farmacotecnia
Materiais a base de proteínas recombinantes para aplicações médicas e odontológicas,Proteínas recombinantes:Biomateriais:Cimentos de resina:Teste de biocompatibilidade,Christiane Martins de Lanna Salles Carvalho,Pro Bio Pesquisa e Desenvolvimento Ltda. - ME,Ciências da Saúde,Farmácia,Farmacognosia
Produção de anticorpos monoclonais com novo potencial imunoterapêutico para o controle do câncer metastático de origem epitelial,Neoplasias:Metástase neoplásica:Metaloproteinases:Anticorpos monoclonais:Caderinas,Vitor Marcel Faça,Veritas Biotecnologia Ltda,Ciências Biológicas,Bioquímica,Química de Macromoléculas
Obtenção e avaliação da atividade in vitro de novas substâncias com potencial atividade leishmanicida,Biodiversidade:Produtos naturais:Leishmaniose cutânea:Tripanossomicidas:Lignanas,Leandro de Santis Ferreira,Lychnoflora Pesquisa e Desenvolvimento em Produtos Naturais Ltda (Lychnoflora),Ciências da Saúde,Farmácia,Farmacognosia
Construção de um banco de dados proteo-genômico de Mycobacterium turbeculosis,Biomarcadores:Espectrometria de massas:Mycobacterium tuberculosis,Sandra Rodrigues Pereira Faça,Veritas Biotecnologia Ltda,Ciências Biológicas,Bioquímica,Química de Macromoléculas
Artizima - ferramenta computacional para evolução in silico de enzimas utilizadas em biorefinarias,Algoritmos:Enzimas:Biocombustíveis:Biorrefinarias:Análise in silico,Renato Luis Tame Parreira,Verdartis Desenvolvimento Biotecnológico Ltda. - ME,Ciências Biológicas,Bioquímica,Química de Macromoléculas
Desenvolvimento e avaliação de biocurativos obtidos a partir de celulose bacteriana e extrato padronizado de própolis (EPP-AF) para o tratamento de queimaduras e/ou lesões de pele,Anti-infecciosos:Celulose:Celulose bacteriana:Paciente com queimadura:Queimaduras:Exantema:Cicatrização:Curativos biológicos:Própolis,Hernane da Silva Barud,Apis Flora Industrial e Comercial Ltda,Ciências da Saúde,Farmácia,Farmacotecnia
Bioprocesso de produção de enzimas para biorrefinaria de biomassa: branqueamento de celulose,Compostos orgânicos:Enzimas:Propriedades químicas do papel:Branqueamento:Energia de biomassa,Álvaro de Baptista Neto,Verdartis Desenvolvimento Biotecnológico Ltda. - ME,Engenharias,Engenharia Química,Processos Industriais de Engenharia Química
"Desenvolvimento, fabricação e comercialização de sondas cirúrgicas radioguiadas",Medicina nuclear:Neoplasias:Cirurgia:Detectores de radiação:Linfonodo sentinela,José Carlos Borges,MRA Indústria de Equipamentos Eletrônicos Ltda,Engenharias,Engenharia Biomédica,Não Informado
Sistema inteligente para classificação e identificação de veículos (SICIV),Visão computacional:Infravermelho:Sensores,Dalton Matsuo Tavares,Visionbr Tecnologia e Informática Ltda,Engenharias,Engenharia de Transportes,Veículos e Equipamentos de Controle
Escalonamento do processo de produção de vacina recombinante contra Rhodococcus equi,Equinos:Rhodococcus equi:Vacinas:Desenvolvimento de vacinas:Escalonamento de processos,Silvia Almeida Cardoso,Invent Biotecnologia Ltda. - ME,Ciências Agrárias,Medicina Veterinária,Medicina Veterinária Preventiva
Persozyme - enzimas personalizadas criadas por evolução dirigida para uso no biobranqueamento da polpa de celulose,Tecnologia de celulose e papel:Branqueamento:Bioquímica industrial:Biotecnologia:Enzimas,Marcos Roberto Lourenzoni,Verdartis Desenvolvimento Biotecnológico Ltda. - ME,Ciências Biológicas,Bioquímica,Química de Macromoléculas
Dispositivo para determinação do teor de etanol em gasolina e de água em álcool combustível,Etanol:Gasolina:Combustíveis:Controle da qualidade:Adulteração,Ivan Christensen Nali,Millbox Comércio e Montagens de Equipamentos de Eletrônica Ltda,Ciências Exatas e da Terra,Química,Química Analítica
Equipamento para revestimento de formas farmacêuticas: adequação e validação - fase I,Tecnologia farmacêutica:Cápsulas:Comprimidos:Leito fluidificado:Revestimentos:Validação,Mario Tsukada,Labmaq do Brasil Ltda,Ciências da Saúde,Farmácia,Farmacotecnia
Microencapsulamento de IgY e seu uso na inibição da adesão de Salmonella enterica Typhimurium,Bacteriologia:Enterobacteriaceae:Salmonella:Salmonella enterica:Antígenos de bactérias,Leandro Licursi de Oliveira,Invent Biotecnologia Ltda. - ME,Ciências Agrárias,Medicina Veterinária,Não Informado
Produção e purificação de anticorpos policlonais em escala piloto a partir de ovos de galinha,Imunologia veterinária:Genes de imunoglobulinas:Imunoglobulina Y:Anticorpos policlonais:Anticorpos:Aves,Sandro Gomes Soares,Invent Biotecnologia Ltda. - ME,Ciências Agrárias,Medicina Veterinária,Não Informado
ArcaMed: um arcabouço para construção de sistemas de apoio a diagnósticos médicos,Computação móvel:Hipermídia:Diagnóstico clínico,Diego Fiori de Carvalho,Innolution Sistemas de Informática Ltda,Ciências Exatas e da Terra,Ciência da Computação,Sistemas de Computação
Sistema hardware-software de realidade aumentada aplicada à educação,Educação:Eletrônica embarcada:Linguagem de programação:Processamento de imagens:Realidade aumentada,Mairum Ceoldo Andrade,Mairum Ceoldo Andrade - ME,Engenharias,Engenharia Elétrica,"Eletrônica Industrial, Sistemas e Controles Eletrônicos"
Linkdigger-*: serviços de criação de ligações entre informações disponibilizadas na web,Hipermídia:Multimídia:Recuperação da informação:Integração de tecnologias,José Antonio Camacho Guerrero,Innolution Sistemas de Informática Ltda,Ciências Exatas e da Terra,Ciência da Computação,Sistemas de Computação
Análise da biodiversidade de bactérias associadas à erliquiose canina na região de Ribeirão Preto,Animais domésticos:Biodiversidade:Ehrlichia canis:Erliquiose canina,Mozart de Azevedo Marins,Heranza Biotecnologia Ltda. - ME,Ciências Agrárias,Medicina Veterinária,Clínica e Cirurgia Animal
Desenvolvimento de sistema para controle de qualidade de sangue irradiado,Doença enxerto-hospedeiro:Controle da qualidade:Irradiação:Sangue:Linfócitos T,Evamberto Garcia de Góes,MRA Indústria de Equipamentos Eletrônicos Ltda,Engenharias,Engenharia Biomédica,Não Informado
Desenvolvimento e produção de bolsas para soluções parenterais,Medicamento:Anti-infecciosos:Antibacterianos:Infusões parenterais,José Carlos Pena Barbosa,Technobag Indústria de Artefatos Plásticos Ltda. - ME,Engenharias,Engenharia Mecânica,Não Informado
Desenvolvimento e construção de calibradores de dose utilizados em medicina nuclear,Medicina nuclear:Equipamentos e provisões hospitalares:Calibragem,Patrícia Nicolucci,MRA Indústria de Equipamentos Eletrônicos Ltda,Engenharias,Engenharia Biomédica,Engenharia Médica
"Capacitação da empresa para produção dos sistemas de monitores de radiação ionizante, em escala industrial e segundo os padrões de qualidade exigidos",Dosimetria:Proteção radiológica:Radiação ionizante:Monitoramento de radiação:Calibração:Controle da qualidade,Renato Glauco de Souza Rodrigues,MRA Indústria de Equipamentos Eletrônicos Ltda,Engenharias,Engenharia Biomédica,Engenharia Médica
Método de aumento da produtividade baseado na fixação do alelo G2 da região promotora do gen do hormônio de crescimento em bovinos de corte,Melhoramento genético animal:Bovinos de corte,Sergio Ulhoa Dani,Genética Molecular Pesquisa e Desenvolvimento Ltda (GENON),Ciências Biológicas,Genética,Genética Animal
Desenvolvimento de novas funcionalidades para o equipamento TopImplant,Equipamento odontológico:Implantodontia:Implantes osseointegrados:Linguagem de programação:Sistemas de informação:Protocolos de comunicação,Mario Alexandre Gazziro,Adiel Comercial Ltda,Engenharias,Engenharia Elétrica,"Eletrônica Industrial, Sistemas e Controles Eletrônicos"
Desenvolvimento de novas tecnologias para a multiplicação de banana em biorreatores de alto volume,Reatores químicos,Clemência Noriega Söndahl,Bionova Mudas e Plantas Ltda,Ciências Biológicas,Biologia Geral,Não Informado
Desenvolvimento de dosímetros termoluminescentes,Dosimetria,José Carlos Borges,MRA Indústria de Equipamentos Eletrônicos Ltda,Engenharias,Engenharia Biomédica,Não Informado
Desenvolvimento de sistema de monitores de radiação ionizante,Radiação ionizante,Renato Glauco de Souza Rodrigues,MRA Indústria de Equipamentos Eletrônicos Ltda,Engenharias,Engenharia Biomédica,Engenharia Médica
Aperfeicoamento do filtro vacuum press para industria de acucar e alcool.,Ensaios químicos:Usina açucareira,Pedro Gustavo Córdoba Junior,Technopulp Consultoria e Comércio de Equipamentos Industriais Ltda,Engenharias,Engenharia Química,Não Informado
